PassengerId,Survived,Pclass,Name,Sex,Age,SibSp,Parch,Ticket,Fare,Cabin,Embarked
"1310,1,1,""Name1310, Miss. Surname1310"",female,,0,0,SOTON/O2 3101272,76.76016504643573,,C"
"1311,0,3,""Name1311, Col. Surname1311"",male,29.0,0,0,223596,10.193096706320182,,S"
"1312,0,3,""Name1312, Mr. Surname1312"",male,20.0,0,0,54636,12.02941641147422,C83,C"
"1313,0,3,""Name1313, Mr. Surname1313"",male,27.0,0,0,PC 17760,13.429447862759872,,S"
"1314,0,3,""Name1314, Mr. Surname1314"",male,32.0,0,0,364512,4.840769450167068,E33,C"
"1315,1,3,""Name1315, Master. Surname1315"",female,0.0,0,0,29750,14.805817148933464,,S"
"1316,0,1,""Name1316, Mr. Surname1316"",male,,0,0,C.A. 24579,115.80634419925,,C"
"1317,1,2,""Name1317, Miss. Surname1317"",female,28.0,0,1,113781,27.950047997073444,,S"
"1318,0,1,""Name1318, Mr. Surname1318"",male,,0,0,250652,29.467202626662697,,S"
"1319,0,2,""Name1319, Mr. Surname1319"",male,32.0,0,0,17464,0.0,,S"
"1320,1,3,""Name1320, Miss. Surname1320"",female,23.0,1,0,7534,20.822545765670117,,S"
"1321,0,3,""Name1321, Mr. Surname1321"",male,,0,0,2689,4.79782744017412,,C"
"1322,1,3,""Name1322, Miss. Surname1322"",female,,1,0,S.O./P.P. 3,12.462809150380991,,S"
"1323,1,1,""Name1323, Mr. Surname1323"",male,52.0,0,0,A.5. 18509,36.84335154107275,E25,S"
"1324,0,3,""Name1324, Mr. Surname1324"",male,46.0,0,0,239854,0.0,,S"
"1325,0,3,""Name1325, Mr. Surname1325"",male,29.0,0,0,248727,12.274214426395227,,S"
"1326,0,3,""Name1326, Mr. Surname1326"",male,41.0,0,0,2694,13.845328222553944,,S"
"1327,1,2,""Name1327, Master. Surname1327"",female,4.0,0,2,A/5. 10482,26.71240152233816,,S"
"1328,0,3,""Name1328, Mr. Surname1328"",male,27.0,0,0,C.A. 34651,17.263996279241812,,S"
"1329,0,3,""Name1329, Mr. Surname1329"",male,,1,1,315082,20.56614114030044,,S"
"1330,0,3,""Name1330, Mr. Surname1330"",male,31.0,0,0,29106,8.909100566448991,B22,S"
"1331,0,3,""Name1331, Mr. Surname1331"",male,13.0,3,1,28665,26.449167514152816,,S"
"1332,0,3,""Name1332, Mr. Surname1332"",male,28.0,0,0,349218,18.390674899600675,B79,S"
"1333,0,3,""Name1333, Mr. Surname1333"",male,0.0,4,1,347082,34.93979048496375,,Q"
"1334,0,3,""Name1334, Mr. Surname1334"",male,24.0,0,0,231945,6.816051600911244,,S"
"1335,0,3,""Name1335, Master. Surname1335"",female,,1,0,2672,5.397032355907568,,C"
"1336,1,2,""Name1336, Mrs. Surname1336"",female,28.0,0,0,237668,19.973016819809665,,S"
"1337,0,1,""Name1337, Mr. Surname1337"",male,30.0,1,0,237789,55.87946113481845,,S"
"1338,1,3,""Name1338, Miss. Surname1338"",female,,0,0,231945,6.5779501735234485,,C"
"1339,0,3,""Name1339, Mr. Surname1339"",male,14.0,1,0,28551,15.589598533737975,C104,S"
"1340,0,2,""Name1340, Mr. Surname1340"",male,21.0,0,0,220845,6.505539878400429,,S"
"1341,1,1,""Name1341, Mrs. Surname1341"",female,26.0,1,0,2691,51.32840021424485,C23 C25 C27,S"
"1342,0,1,""Name1342, Mr. Surname1342"",male,,1,0,370376,71.46868097437583,,C"
"1343,1,1,""Name1343, Mrs. Surname1343"",female,,1,0,A/4. 39886,68.06574759847447,,S"
"1344,0,1,""Name1344, Mr. Surname1344"",male,33.0,0,0,4134,0.0,,S"
"1345,1,1,""Name1345, Miss. Surname1345"",female,,0,0,5727,0.0,,C"
"1346,0,3,""Name1346, Mr. Surname1346"",male,30.0,1,0,350035,10.68665748580707,,Q"
"1347,1,3,""Name1347, Miss. Surname1347"",female,21.0,0,0,230080,10.983373624020569,,Q"
"1348,0,1,""Name1348, Mr. Surname1348"",male,69.0,0,2,PC 17597,117.12995825290466,,C"
"1349,1,2,""Name1349, Miss. Surname1349"",female,30.0,1,0,C.A. 33595,18.92347285610561,E77,C"
"1350,1,3,""Name1350, Miss. Surname1350"",female,25.0,0,0,364512,14.88584271640725,,Q"
"1351,0,3,""Name1351, Mr. Surname1351"",male,,0,0,234604,9.61368462008139,,S"
"1352,0,1,""Name1352, Mr. Surname1352"",male,,0,0,349234,55.81279225945883,,S"
"1353,0,1,""Name1353, Mr. Surname1353"",male,28.0,0,0,31027,145.22261186100494,,C"
"1354,1,1,""Name1354, Master. Surname1354"",female,9.0,0,0,382652,53.80746354927432,F4,S"
"1355,0,2,""Name1355, Mrs. Surname1355"",female,24.0,1,0,345774,24.974148695746077,,S"
"1356,0,3,""Name1356, Mr. Surname1356"",male,,0,0,A/5. 851,12.84894610719387,,C"
"1357,1,3,""Name1357, Master. Surname1357"",female,0.0,2,1,364511,18.502999062647305,,C"
"1358,0,1,""Name1358, Mr. Surname1358"",male,,0,0,350026,133.86856054112,E12,C"
"1359,0,3,""Name1359, Mrs. Surname1359"",female,15.0,3,1,368703,25.49852487617116,,S"
"1360,0,1,""Name1360, Mr. Surname1360"",male,24.0,0,0,312992,85.78009709460105,,C"
"1361,0,3,""Name1361, Mr. Surname1361"",male,37.0,0,0,323592,10.808496315524277,,S"
"1362,1,1,""Name1362, Mr. Surname1362"",male,56.0,1,0,382652,50.08934734350119,,S"
"1363,0,3,""Name1363, Mrs. Surname1363"",female,31.0,8,2,4579,48.45128982117316,,S"
"1364,0,3,""Name1364, Miss. Surname1364"",female,20.0,0,0,695,14.96861544364576,,S"
"1365,1,3,""Name1365, Mrs. Surname1365"",female,19.0,0,2,W./C. 6607,18.968328786471943,,S"
"1366,0,2,""Name1366, Mr. Surname1366"",male,,0,0,W./C. 6608,0.0,C23 C25 C27,S"
"1367,0,3,""Name1367, Mr. Surname1367"",male,49.0,0,0,367226,12.30325624575822,B20,Q"
"1368,0,3,""Name1368, Mr. Surname1368"",male,,0,0,230433,11.408706555575009,,C"
"1369,1,3,""Name1369, Master. Surname1369"",female,4.0,2,1,349248,14.744513574618756,,C"
"1370,0,3,""Name1370, Mr. Surname1370"",male,,0,0,330935,7.555686142833886,,S"
"1371,0,3,""Name1371, Mr. Surname1371"",male,11.0,0,0,230080,12.010887676223502,,Q"
"1372,0,3,""Name1372, Mr. Surname1372"",male,18.0,0,0,8475,6.87583889475009,,S"
"1373,1,2,""Name1373, Mr. Surname1373"",male,,1,0,29106,8.117736491886378,C52,S"
"1374,1,2,""Name1374, Mr. Surname1374"",male,7.0,2,1,19988,34.42759919896086,,S"
"1375,0,3,""Name1375, Mrs. Surname1375"",female,27.0,0,2,19928,40.38739287721069,,S"
"1376,1,2,""Name1376, Mrs. Surname1376"",female,36.0,0,0,347088,16.68499978990871,,S"
"1377,1,1,""Name1377, Mr. Surname1377"",male,27.0,1,0,SC/Paris 2123,78.37374979519034,,S"
"1378,1,1,""Name1378, Miss. Surname1378"",female,28.0,0,1,374887,28.51579600683769,,C"
"1379,1,3,""Name1379, Mr. Surname1379"",male,,0,0,349231,24.793531145837704,A7,S"
"1380,0,3,""Name1380, Mr. Surname1380"",male,24.0,1,1,C.A. 33111,29.19764872636754,,S"
"1381,0,3,""Name1381, Mr. Surname1381"",male,31.0,0,0,LINE,5.859708373381868,,S"
"1382,1,3,""Name1382, Miss. Surname1382"",female,,0,0,SC/PARIS 2149,12.796067751007808,,Q"
"1383,0,3,""Name1383, Master. Surname1383"",female,7.0,0,1,C.A. 18723,16.172214771279492,,S"
"1384,1,1,""Name1384, Mrs. Surname1384"",female,35.0,0,1,226875,0.0,,C"
"1385,1,3,""Name1385, Mrs. Surname1385"",female,23.0,4,2,362316,17.876958377306945,,S"
"1386,0,1,""Name1386, Mr. Surname1386"",male,34.0,0,0,1601,27.835958895313663,,S"
"1387,0,3,""Name1387, Master. Surname1387"",male,0.0,4,2,223596,9.187958629335236,,S"
"1388,0,3,""Name1388, Mr. Surname1388"",male,21.0,0,0,PC 17604,14.927335665076203,,C"
"1389,1,1,""Name1389, Mr. Surname1389"",male,33.0,0,0,C.A. 29178,33.66723594458008,A10,S"
"1390,1,1,""Name1390, Miss. Surname1390"",female,38.0,0,0,PC 17590,14.284352955501054,,S"
"1391,1,3,""Name1391, Master. Surname1391"",female,8.0,0,0,17421,8.399301252569986,,S"
"1392,0,3,""Name1392, Mr. Surname1392"",male,23.0,0,0,PC 17611,8.555480467239622,D20,S"
"1393,0,3,""Name1393, Mr. Surname1393"",male,,0,0,330877,9.12799529660549,B96 B98,S"
"1394,0,3,""Name1394, Mr. Surname1394"",male,,0,0,315082,8.464748956141248,,S"
"1395,1,2,""Name1395, Miss. Surname1395"",female,28.0,1,0,C.A. 2315,24.626572772000667,,S"
"1396,1,2,""Name1396, Mrs. Surname1396"",female,22.0,1,0,1601,28.767885498754584,,S"
"1397,0,3,""Name1397, Mr. Surname1397"",male,19.0,0,0,S.O./P.P. 3,10.780442464880624,,S"
"1398,1,1,""Name1398, Mrs. Surname1398"",female,54.0,1,0,370372,89.38086448212347,,C"
"1399,0,2,""Name1399, Mr. Surname1399"",male,28.0,0,0,S.W./PP 752,11.635291192119023,,C"
"1400,0,3,""Name1400, Mr. Surname1400"",male,43.0,1,1,11767,17.584268286679325,,S"
"1401,1,2,""Name1401, Miss. Surname1401"",female,33.0,0,0,14312,17.390201592353655,,S"
"1402,0,3,""Name1402, Mr. Surname1402"",male,28.0,0,0,19877,9.927521668052972,,S"
"1403,0,3,""Name1403, Master. Surname1403"",female,7.0,0,0,PC 17585,6.547205053336833,,Q"
"1404,0,3,""Name1404, Mr. Surname1404"",male,9.0,0,0,PC 17604,9.569368263332114,,S"
"1405,1,1,""Name1405, Mrs. Surname1405"",female,50.0,0,0,234360,127.8805453963287,,S"
"1406,1,2,""Name1406, Miss. Surname1406"",female,38.0,0,0,345780,16.877425097341686,,S"
"1407,0,3,""Name1407, Mr. Surname1407"",male,16.0,0,1,17465,1.665837911693895,C32,S"
"1408,0,3,""Name1408, Mr. Surname1408"",male,,0,0,PC 17612,12.602046790887645,B96 B98,S"
"1409,0,3,""Name1409, Mr. Surname1409"",male,27.0,0,0,347470,13.449656079902102,E34,S"
"1410,0,1,""Name1410, Mr. Surname1410"",male,,1,0,233866,85.4501000739768,,S"
"1411,0,3,""Name1411, Mr. Surname1411"",male,26.0,1,0,PC 17596,14.947092020355251,,S"
"1412,1,1,""Name1412, Mr. Surname1412"",male,36.0,1,0,330979,10.016956649979916,,C"
"1413,1,1,""Name1413, Miss. Surname1413"",female,,0,0,29106,60.03348958626941,,C"
"1414,0,3,""Name1414, Mr. Surname1414"",male,,0,0,2683,7.757800126751237,,C"
"1415,0,1,""Name1415, Mr. Surname1415"",male,,0,0,17463,0.0,,C"
"1416,0,3,""Name1416, Mr. Surname1416"",male,,2,0,350029,9.871797046772608,,S"
"1417,1,3,""Name1417, Mr. Surname1417"",male,19.0,0,0,PC 17604,16.346385155722807,C110,Q"
"1418,0,2,""Name1418, Mr. Surname1418"",male,35.0,0,0,11668,8.5973738196204,,S"
"1419,1,2,""Name1419, Miss. Surname1419"",female,49.0,0,0,365226,5.358280100719052,,S"
"1420,0,3,""Name1420, Mr. Surname1420"",male,40.0,0,0,13049,9.495049069119665,B51 B53 B55,S"
"1421,0,3,""Name1421, Master. Surname1421"",female,,3,2,347470,36.37489955932378,,S"
"1422,0,3,""Name1422, Mr. Surname1422"",male,20.0,0,0,11771,8.913078835703107,F E69,Q"
"1423,0,3,""Name1423, Mr. Surname1423"",male,41.0,0,0,239853,19.103346075114317,C54,Q"
"1424,0,3,""Name1424, Mr. Surname1424"",male,,0,0,PC 17611,11.450362551586249,,S"
"1425,1,2,""Name1425, Mrs. Surname1425"",female,40.0,1,0,345763,21.97858451294082,,S"
"1426,0,3,""Name1426, Mr. Surname1426"",male,33.0,0,0,113776,6.500606110840651,,S"
"1427,0,3,""Name1427, Mr. Surname1427"",male,27.0,0,0,363294,7.321518773879147,,C"
"1428,1,3,""Name1428, Miss. Surname1428"",female,28.0,0,0,113781,5.224982667339627,,Q"
"1429,0,3,""Name1429, Mr. Surname1429"",male,,3,2,349909,21.57539920018056,,S"
"1430,1,3,""Name1430, Mr. Surname1430"",male,30.0,0,0,2659,9.240300236832937,B79,S"
"1431,0,3,""Name1431, Mr. Surname1431"",male,3.0,3,2,PC 17572,26.905998024583297,,S"
"1432,0,3,""Name1432, Mr. Surname1432"",male,,0,0,113798,9.1846844207826,,S"
"1433,1,3,""Name1433, Miss. Surname1433"",female,25.0,3,0,16988,11.131676675918063,B50,S"
"1434,1,2,""Name1434, Miss. Surname1434"",female,30.0,1,2,16966,34.201364974616155,,S"
"1435,0,3,""Name1435, Mr. Surname1435"",male,49.0,0,0,1601,16.26628774476367,,S"
"1436,0,2,""Name1436, Mr. Surname1436"",male,36.0,0,0,358585,9.584912162313602,,S"
"1437,1,1,""Name1437, Miss. Surname1437"",female,24.0,0,1,C 4001,311.2767269642708,,C"
"1438,1,3,""Name1438, Mr. Surname1438"",male,24.0,0,0,2627,15.022039969163476,,S"
"1439,0,1,""Name1439, Mr. Surname1439"",male,33.0,0,2,29108,200.01475571263336,,C"
"1440,0,3,""Name1440, Mr. Surname1440"",male,20.0,0,0,PC 17757,11.491940043370796,,S"
"1441,0,3,""Name1441, Master. Surname1441"",female,,1,0,364851,1.6451864851692182,B96 B98,C"
"1442,1,1,""Name1442, Miss. Surname1442"",female,36.0,1,1,244361,75.3368984320926,,S"
"1443,0,3,""Name1443, Mr. Surname1443"",male,37.0,0,0,17421,11.99736793224384,,S"
"1444,0,1,""Name1444, Mr. Surname1444"",male,44.0,0,0,PC 17475,137.43063052436224,,S"
"1445,1,3,""Name1445, Miss. Surname1445"",female,21.0,0,0,11751,12.315974838368208,,S"
"1446,1,1,""Name1446, Miss. Surname1446"",female,64.0,1,0,W./C. 6609,7.873830547590861,,C"
"1447,0,3,""Name1447, Mr. Surname1447"",male,30.0,0,0,363291,9.38610452611142,E24,C"
"1448,1,3,""Name1448, Mrs. Surname1448"",female,20.0,1,1,29106,20.949797081914607,F G73,C"
"1449,0,3,""Name1449, Mr. Surname1449"",male,,0,0,350043,11.558852490338436,,Q"
"1450,0,3,""Name1450, Mr. Surname1450"",male,32.0,0,0,A/5. 13032,14.591287356437924,,S"
"1451,0,3,""Name1451, Mr. Surname1451"",male,23.0,0,0,349253,11.04628596728818,,Q"
"1452,0,3,""Name1452, Mr. Surname1452"",male,,1,0,28425,4.693169511837692,,S"
"1453,1,2,""Name1453, Mr. Surname1453"",male,13.0,1,1,A/4 45380,34.79691482729106,,S"
"1454,0,1,""Name1454, Mr. Surname1454"",male,24.0,0,0,PC 17485,66.4154872260635,,S"
"1455,0,1,""Name1455, Mr. Surname1455"",male,39.0,0,0,1601,18.355885046162523,,S"
"1456,0,3,""Name1456, Mr. Surname1456"",male,26.0,1,2,CA 2144,41.96064163259733,,S"
"1457,1,3,""Name1457, Mr. Surname1457"",male,22.0,0,0,110413,0.0,,S"
"1458,0,2,""Name1458, Mr. Surname1458"",male,26.0,0,0,236853,8.12486305844821,,S"
"1459,0,2,""Name1459, Mr. Surname1459"",male,52.0,0,0,250643,46.54677012829408,,S"
"1460,1,1,""Name1460, Miss. Surname1460"",female,51.0,0,0,237798,39.67757432182482,,S"
"1461,1,1,""Name1461, Mr. Surname1461"",male,41.0,0,1,349252,259.02400146841813,,C"
"1462,0,3,""Name1462, Mr. Surname1462"",male,26.0,1,1,345767,27.607174059817776,,S"
"1463,1,1,""Name1463, Mr. Surname1463"",male,27.0,0,0,367229,246.9309434969959,,C"
"1464,0,3,""Name1464, Mr. Surname1464"",male,,0,0,345773,9.365189876847168,,S"
"1465,0,3,""Name1465, Mr. Surname1465"",male,,0,0,8471,6.636753341458554,,S"
"1466,1,1,""Name1466, Miss. Surname1466"",female,38.0,2,0,13502,66.54648767215876,,S"
"1467,0,2,""Name1467, Mr. Surname1467"",male,48.0,0,0,315086,27.955568860326757,,S"
"1468,0,2,""Name1468, Mr. Surname1468"",male,39.0,0,0,110564,10.42052068667896,,S"
"1469,0,3,""Name1469, Miss. Surname1469"",female,29.0,8,2,111426,37.41283391781896,,S"
"1470,0,1,""Name1470, Mr. Surname1470"",male,51.0,0,0,PC 17756,10.599883330247,,S"
"1471,1,3,""Name1471, Mr. Surname1471"",male,27.0,0,0,2659,25.18828613638601,,S"
"1472,0,2,""Name1472, Mr. Surname1472"",male,34.0,0,0,17474,19.727502190021735,E40,S"
"1473,1,1,""Name1473, Mr. Surname1473"",male,32.0,1,0,2624,74.85249340287345,,S"
"1474,0,3,""Name1474, Mr. Surname1474"",male,37.0,0,0,110152,10.029866301639494,,S"
"1475,0,3,""Name1475, Mr. Surname1475"",male,,1,2,110413,19.72212491668756,B49,S"
"1476,0,2,""Name1476, Mr. Surname1476"",male,32.0,0,0,C.A. 2673,11.374826390478656,,C"
"1477,1,3,""Name1477, Mr. Surname1477"",male,13.0,1,1,349909,25.70070782549421,,S"
"1478,0,3,""Name1478, Miss. Surname1478"",female,,3,1,3101295,18.850013229555486,,S"
"1479,0,2,""Name1479, Mr. Surname1479"",male,39.0,1,0,F.C.C. 13529,34.785762667646715,B35,S"
"1480,0,1,""Name1480, Mr. Surname1480"",male,54.0,0,0,A/4. 20589,25.89214248970824,B5,S"
"1481,0,3,""Name1481, Mr. Surname1481"",male,8.0,0,0,STON/O 2. 3101280,6.634111710599396,,S"
"1482,1,2,""Name1482, Miss. Surname1482"",female,17.0,0,0,SC/PARIS 2131,15.057723005399826,,S"
"1483,1,1,""Name1483, Mrs. Surname1483"",female,20.0,1,0,4579,56.20596742780418,,S"
"1484,1,3,""Name1484, Mr. Surname1484"",male,17.0,0,0,PC 17604,27.252538043226505,,S"
"1485,1,1,""Name1485, Miss. Surname1485"",female,26.0,1,0,349228,63.77228358192875,,S"
"1486,0,3,""Name1486, Mr. Surname1486"",male,22.0,0,0,113798,4.300186535142064,B77,S"
"1487,1,2,""Name1487, Mrs. Surname1487"",female,21.0,0,2,35852,13.057515462503456,,S"
"1488,0,3,""Name1488, Mr. Surname1488"",male,24.0,0,0,110813,12.441078452704485,,S"
"1489,1,1,""Name1489, Miss. Surname1489"",female,33.0,1,1,11767,99.7765537996972,,S"
"1490,1,1,""Name1490, Mr. Surname1490"",male,61.0,0,0,230434,14.308126123053304,,S"
"1491,1,3,""Name1491, Miss. Surname1491"",female,33.0,0,0,PC 17572,14.216462745698127,,Q"
"1492,0,3,""Name1492, Mr. Surname1492"",male,43.0,0,0,SOTON/O2 3101272,2.7067919957485493,,S"
"1493,1,2,""Name1493, Master. Surname1493"",female,9.0,0,1,349204,22.533579327386917,,S"
"1494,0,1,""Name1494, Mr. Surname1494"",male,48.0,0,0,358585,0.0,,S"
"1495,1,3,""Name1495, Mr. Surname1495"",male,10.0,5,2,19952,47.43909524124612,,S"
"1496,0,3,""Name1496, Mr. Surname1496"",male,,0,0,11765,21.240157300758728,,S"
"1497,1,1,""Name1497, Miss. Surname1497"",female,50.0,1,1,2908,78.57882657572317,F38,S"
"1498,1,3,""Name1498, Miss. Surname1498"",female,,0,0,349215,10.287900968021544,,C"
"1499,1,3,""Name1499, Mrs. Surname1499"",female,27.0,2,0,65304,19.759700986217904,,Q"
"1500,1,2,""Name1500, Mrs. Surname1500"",female,33.0,1,2,376564,27.416250756522444,,S"
"1501,0,3,""Name1501, Mr. Surname1501"",male,,0,0,347742,5.862508490765632,,S"
"1502,0,3,""Name1502, Mr. Surname1502"",male,39.0,0,0,1601,5.844097729206153,,Q"
"1503,0,2,""Name1503, Mr. Surname1503"",male,51.0,0,0,PC 17758,38.65011345571424,D17,S"
"1504,0,2,""Name1504, Mr. Surname1504"",male,50.0,0,0,35273,16.32417758977966,,S"
"1505,0,3,""Name1505, Mr. Surname1505"",male,20.0,0,0,349909,10.64900942960246,,S"
"1506,0,3,""Name1506, Mr. Surname1506"",male,32.0,0,0,19996,8.113095770193413,,C"
"1507,1,3,""Name1507, Miss. Surname1507"",female,23.0,0,0,33638,13.20971227088906,,Q"
"1508,0,3,""Name1508, Mr. Surname1508"",male,,0,0,113043,4.546815384609274,,S"
"1509,0,3,""Name1509, Mr. Surname1509"",male,37.0,0,0,35281,13.269190724609391,E101,S"
"1510,0,3,""Name1510, Mr. Surname1510"",male,,0,0,PC 17582,14.855583619386852,,Q"
"1511,1,3,""Name1511, Miss. Surname1511"",female,26.0,0,0,3101264,4.735422151335923,,Q"
"1512,0,3,""Name1512, Mr. Surname1512"",male,19.0,0,0,PC 17609,10.047845024152693,,S"
"1513,0,3,""Name1513, Mr. Surname1513"",male,46.0,2,0,3101278,19.30989186622588,,S"
"1514,0,2,""Name1514, Mr. Surname1514"",male,37.0,0,0,2686,15.618192687461072,,S"
"1515,0,3,""Name1515, Mr. Surname1515"",male,,0,0,PC 17593,6.32875107614182,E24,S"
"1516,0,3,""Name1516, Mr. Surname1516"",male,,1,0,343120,12.621687734679425,,S"
"1517,1,1,""Name1517, Mrs. Surname1517"",female,,1,1,S.O./P.P. 751,0.0,,C"
"1518,0,3,""Name1518, Mr. Surname1518"",male,,0,0,371110,8.433773359316355,,C"
"1519,0,3,""Name1519, Mr. Surname1519"",male,28.0,0,0,CA. 2343,12.843765549969028,,S"
"1520,0,1,""Name1520, Mr. Surname1520"",male,40.0,0,0,SOTON/OQ 392076,0.0,,S"
"1521,0,3,""Name1521, Mr. Surname1521"",male,18.0,0,0,113056,9.60512402781434,,S"
"1522,1,1,""Name1522, Mr. Surname1522"",male,15.0,1,2,347088,148.510190614939,D26,S"
"1523,0,2,""Name1523, Mr. Surname1523"",male,31.0,1,2,PC 17473,29.97459133261293,,C"
"1524,1,2,""Name1524, Miss. Surname1524"",female,53.0,0,0,110465,14.786126419374924,,S"
"1525,0,1,""Name1525, Mr. Surname1525"",male,32.0,1,0,P/PP 3381,67.19832831290815,F2,S"
"1526,1,2,""Name1526, Miss. Surname1526"",female,30.0,0,2,28424,29.055839672429325,,S"
"1527,1,3,""Name1527, Mrs. Surname1527"",female,18.0,1,1,2686,26.288237276472017,E101,S"
"1528,1,3,""Name1528, Mr. Surname1528"",male,24.0,0,0,PC 17604,24.808724262196968,,S"
"1529,0,3,""Name1529, Mr. Surname1529"",male,,0,0,17465,20.968364212062475,,S"
"1530,1,1,""Name1530, Mr. Surname1530"",male,18.0,0,0,239853,45.16813510973714,,S"
"1531,0,3,""Name1531, Dr. Surname1531"",male,48.0,0,0,234686,17.078270669269134,,S"
"1532,0,2,""Name1532, Mr. Surname1532"",male,38.0,0,0,315151,24.41850790790741,F33,S"
"1533,0,3,""Name1533, Mr. Surname1533"",male,27.0,0,0,19928,4.915691789075002,C103,Q"
"1534,1,1,""Name1534, Miss. Surname1534"",female,19.0,1,0,335677,130.96039514038972,,C"
"1535,1,3,""Name1535, Mrs. Surname1535"",female,,1,1,347064,0.0,,S"
"1536,1,1,""Name1536, Miss. Surname1536"",female,,0,0,SOTON/O.Q. 3101305,72.06071698629479,B50,S"
"1537,1,1,""Name1537, Mr. Surname1537"",male,39.0,1,1,13509,0.0,,S"
"1538,0,3,""Name1538, Mr. Surname1538"",male,36.0,0,0,SOTON/O.Q. 3101306,8.225216712802434,,S"
"1539,0,3,""Name1539, Mr. Surname1539"",male,31.0,0,0,PC 17477,5.915944926426699,,S"
"1540,0,3,""Name1540, Mr. Surname1540"",male,33.0,0,0,17465,4.957948626417838,,C"
"1541,1,1,""Name1541, Sir. Surname1541"",male,62.0,1,0,230136,60.97544144982479,,S"
"1542,0,3,""Name1542, Mr. Surname1542"",male,14.0,8,2,36209,73.96689698274474,,S"
"1543,0,2,""Name1543, Mr. Surname1543"",male,21.0,0,0,35273,53.29868047726603,,S"
"1544,1,2,""Name1544, Miss. Surname1544"",female,22.0,1,0,C.A. 2673,18.865884046814404,,S"
"1545,0,2,""Name1545, Mr. Surname1545"",male,,0,0,349909,2.3592200733094137,E17,S"
"1546,0,3,""Name1546, Rev. Surname1546"",male,43.0,0,0,19877,6.550678627353462,,S"
"1547,0,3,""Name1547, Mr. Surname1547"",male,38.0,0,0,373450,1.5086796029315603,,S"
"1548,0,3,""Name1548, Miss. Surname1548"",female,39.0,0,0,347071,17.143682360547416,,S"
"1549,1,1,""Name1549, Mr. Surname1549"",male,,0,0,CA. 2343,28.129307739573136,,S"
"1550,1,3,""Name1550, Master. Surname1550"",female,,0,0,248740,11.517005582111642,,C"
"1551,0,3,""Name1551, Mr. Surname1551"",male,22.0,0,0,36928,15.8629884394426,,S"
"1552,1,2,""Name1552, Master. Surname1552"",female,0.0,1,1,349209,30.34071198093058,C2,S"
"1553,1,1,""Name1553, Miss. Surname1553"",female,49.0,0,1,250652,23.441680013556688,,S"
"1554,0,3,""Name1554, Mr. Surname1554"",male,30.0,0,0,2003,10.063812273218808,,C"
"1555,1,2,""Name1555, Mrs. Surname1555"",female,29.0,2,1,250647,28.98787436143536,,S"
"1556,0,2,""Name1556, Mr. Surname1556"",male,29.0,0,0,367655,10.437850836320504,,S"
"1557,0,3,""Name1557, Miss. Surname1557"",female,23.0,4,2,S.O.C. 14879,37.72416908669991,,S"
"1558,0,3,""Name1558, Mr. Surname1558"",male,30.0,1,0,2623,22.909896305018627,E46,S"
"1559,1,1,""Name1559, Mrs. Surname1559"",female,19.0,0,1,36973,219.8355740455152,,S"
"1560,0,3,""Name1560, Mr. Surname1560"",male,,0,0,F.C.C. 13529,9.529367059110534,C86,S"
"1561,0,3,""Name1561, Mr. Surname1561"",male,19.0,3,1,382649,23.481642380997183,,S"
"1562,0,3,""Name1562, Mr. Surname1562"",male,42.0,0,0,348124,11.546746953783895,D21,S"
"1563,0,3,""Name1563, Master. Surname1563"",female,11.0,3,2,2699,12.505868858722849,,S"
"1564,0,3,""Name1564, Mr. Surname1564"",male,42.0,1,1,2672,18.133244142171,,S"
"1565,0,3,""Name1565, Mr. Surname1565"",male,13.0,3,2,113806,35.14988262974668,A26,S"
"1566,1,3,""Name1566, Mrs. Surname1566"",female,,0,0,349248,5.910292587781149,,Q"
"1567,0,3,""Name1567, Mrs. Surname1567"",female,29.0,1,1,230080,25.59748026295173,,S"
"1568,0,3,""Name1568, Mr. Surname1568"",male,24.0,0,0,29106,13.091704328243967,,C"
"1569,0,2,""Name1569, Mr. Surname1569"",male,17.0,0,0,13507,42.5810915969995,,S"
"1570,1,3,""Name1570, Mr. Surname1570"",male,23.0,0,0,349206,18.36275400855522,,S"
"1571,1,3,""Name1571, Mrs. Surname1571"",female,,0,0,113776,7.686706161604752,E46,S"
"1572,0,3,""Name1572, Mr. Surname1572"",male,34.0,0,0,382652,8.942209447599316,,S"
"1573,0,2,""Name1573, Mrs. Surname1573"",female,28.0,0,0,370129,6.960504736874994,,S"
"1574,0,2,""Name1574, Mr. Surname1574"",male,,1,0,2666,35.6596517739214,D,C"
"1575,0,3,""Name1575, Mr. Surname1575"",male,20.0,0,0,113028,10.990575572698132,,S"
"1576,0,3,""Name1576, Major. Surname1576"",male,33.0,0,0,2678,7.674654629794107,,Q"
"1577,0,1,""Name1577, Mr. Surname1577"",male,1.0,0,0,392091,109.83468912297396,,C"
"1578,0,3,""Name1578, Mr. Surname1578"",male,,8,2,4133,56.40774708876393,,S"
"1579,0,2,""Name1579, Mr. Surname1579"",male,20.0,0,0,PC 17758,0.0,,S"
"1580,1,3,""Name1580, Mrs. Surname1580"",female,20.0,0,0,A/5. 851,9.89620923150961,,S"
"1581,1,2,""Name1581, Mr. Surname1581"",male,,1,1,2666,22.6859247391354,D26,S"
"1582,0,2,""Name1582, Mr. Surname1582"",male,,0,0,315097,12.348106598813525,F2,S"
"1583,0,1,""Name1583, Mr. Surname1583"",male,74.0,0,1,234818,128.99556348566722,,S"
"1584,1,1,""Name1584, Mrs. Surname1584"",female,44.0,1,0,19943,54.054674403194994,,S"
"1585,0,3,""Name1585, Mr. Surname1585"",male,16.0,0,0,SOTON/O2 3101287,6.623351571922384,,S"
"1586,1,1,""Name1586, Mrs. Surname1586"",female,26.0,0,0,323592,122.68139218262289,E33,S"
"1587,0,2,""Name1587, Mrs. Surname1587"",female,24.0,1,0,3101276,19.041128153238876,,S"
"1588,1,2,""Name1588, Mrs. Surname1588"",female,45.0,0,1,PC 17595,26.49701238914269,,S"
"1589,1,1,""Name1589, Miss. Surname1589"",female,54.0,1,0,27042,54.50190764004733,,S"
"1590,1,3,""Name1590, Mr. Surname1590"",male,43.0,0,0,371110,10.82594173544689,,S"
"1591,0,2,""Name1591, Mr. Surname1591"",male,16.0,0,0,27267,40.47236644371249,,S"
"1592,1,1,""Name1592, Mrs. Surname1592"",female,43.0,1,0,A/5 3536,44.49753654070006,,C"
"1593,1,1,""Name1593, Mr. Surname1593"",male,43.0,0,0,CA. 2343,26.746276319592884,D48,S"
"1594,0,3,""Name1594, Mr. Surname1594"",male,6.0,4,1,345764,30.65702014946539,,Q"
"1595,0,2,""Name1595, Mr. Surname1595"",male,30.0,0,0,PC 17476,2.378386207816579,,S"
"1596,0,2,""Name1596, Mr. Surname1596"",male,34.0,0,0,28551,27.134835241065343,,S"
"1597,0,3,""Name1597, Mrs. Surname1597"",female,44.0,1,5,C.A. 29178,40.0188856450222,,S"
"1598,1,3,""Name1598, Mrs. Surname1598"",female,29.0,0,0,330932,3.076016546598134,,Q"
"1599,0,3,""Name1599, Mr. Surname1599"",male,40.0,0,0,236171,6.445155543838753,C125,S"
"1600,0,3,""Name1600, Mr. Surname1600"",male,23.0,0,0,STON/O 2. 3101294,1.8468445268908504,,S"
"1601,0,2,""Name1601, Mr. Surname1601"",male,21.0,1,0,19988,30.22727501118155,,S"
"1602,0,3,""Name1602, Mr. Surname1602"",male,34.0,0,0,382652,2.967738141487813,D,S"
"1603,0,1,""Name1603, Mr. Surname1603"",male,38.0,0,0,17421,0.0,,C"
"1604,0,3,""Name1604, Miss. Surname1604"",female,20.0,3,1,2631,25.131665971337583,B38,S"
"1605,1,1,""Name1605, Mrs. Surname1605"",female,23.0,0,0,345774,0.0,E25,C"
"1606,0,3,""Name1606, Miss. Surname1606"",female,18.0,0,0,250653,17.5348817456292,,S"
"1607,1,3,""Name1607, Miss. Surname1607"",female,20.0,1,0,28664,22.89676419706732,,S"
"1608,1,3,""Name1608, Mr. Surname1608"",male,0.0,1,1,STON/O 2. 3101294,0.8143289721022371,,S"
"1609,0,3,""Name1609, Rev. Surname1609"",male,12.0,4,1,2671,39.90347769634023,,S"
"1610,0,3,""Name1610, Mr. Surname1610"",male,22.0,0,0,A/5 21172,6.638346574648822,E12,S"
"1611,0,3,""Name1611, Mr. Surname1611"",male,39.0,0,0,F.C.C. 13531,10.034020915811896,,C"
"1612,0,3,""Name1612, Master. Surname1612"",female,5.0,1,0,19996,5.71843367715455,,S"
"1613,1,2,""Name1613, Mrs. Surname1613"",female,35.0,0,0,P/PP 3381,23.05978992308548,,S"
"1614,0,3,""Name1614, Mr. Surname1614"",male,13.0,0,0,323592,12.6404451316944,,S"
"1615,0,3,""Name1615, Mrs. Surname1615"",female,18.0,0,0,350046,0.0,,S"
"1616,0,3,""Name1616, Mr. Surname1616"",male,22.0,0,0,SW/PP 751,10.30067326699076,,S"
"1617,0,3,""Name1617, Mr. Surname1617"",male,,0,0,364499,7.587173582558145,,C"
"1618,0,3,""Name1618, Mr. Surname1618"",male,21.0,0,0,112059,10.535231976672485,,S"
"1619,0,3,""Name1619, Mr. Surname1619"",male,,0,0,PC 17585,11.85998259852578,,S"
"1620,0,3,""Name1620, Mr. Surname1620"",male,,0,0,343095,6.967790594597566,D35,S"
"1621,1,1,""Name1621, Miss. Surname1621"",female,,0,0,239856,24.052884811937272,,S"
"1622,1,1,""Name1622, Mrs. Surname1622"",female,38.0,1,0,PC 17476,78.30811819712616,,S"
"1623,0,1,""Name1623, Mr. Surname1623"",male,47.0,0,0,347470,44.13169880854151,C47,C"
"1624,1,1,""Name1624, Mr. Surname1624"",male,20.0,0,0,SOTON/O.Q. 3101307,37.19529465744119,C54,C"
"1625,1,2,""Name1625, Mrs. Surname1625"",female,27.0,1,2,17421,32.9205751007827,,S"
"1626,1,2,""Name1626, Miss. Surname1626"",female,,0,0,113505,22.452128994070563,,S"
"1627,1,1,""Name1627, Master. Surname1627"",female,,0,1,CA. 2343,188.4264762973932,,S"
"1628,1,3,""Name1628, Mrs. Surname1628"",female,,0,0,35852,9.387903538630969,,Q"
"1629,1,1,""Name1629, Mrs. Surname1629"",female,32.0,0,0,PC 17761,70.9611113447635,,C"
"1630,1,2,""Name1630, Miss. Surname1630"",female,53.0,0,0,111240,13.58526562989269,C82,S"
"1631,0,3,""Name1631, Master. Surname1631"",female,,3,2,347080,21.31790276777667,,S"
"1632,0,3,""Name1632, Mr. Surname1632"",male,34.0,0,0,244252,22.904633833737964,,S"
"1633,1,2,""Name1633, Miss. Surname1633"",female,,0,0,234604,14.89620923766788,,S"
"1634,0,3,""Name1634, Mr. Surname1634"",male,29.0,0,0,PC 17572,13.988016743038294,,C"
"1635,0,3,""Name1635, Mr. Surname1635"",male,,0,0,330877,2.341444997335242,,Q"
"1636,1,1,""Name1636, Mr. Surname1636"",male,35.0,0,0,CA. 2343,71.23164491087476,,S"
"1637,0,1,""Name1637, Mr. Surname1637"",male,57.0,0,0,29106,7.686237413604333,C126,S"
"1638,0,3,""Name1638, Master. Surname1638"",female,9.0,2,2,SOTON/OQ 392090,22.96146991418056,,S"
"1639,1,1,""Name1639, Dr. Surname1639"",male,29.0,0,0,234604,56.17377882177933,,S"
"1640,1,2,""Name1640, Miss. Surname1640"",female,35.0,0,0,349239,13.28933408292693,,S"
"1641,0,2,""Name1641, Mr. Surname1641"",male,40.0,0,0,350034,28.142532026249818,,S"
"1642,1,3,""Name1642, Mr. Surname1642"",male,6.0,1,1,SC/Paris 2163,16.862251974764778,,S"
"1643,1,2,""Name1643, Mrs. Surname1643"",female,42.0,0,0,A/4 48871,14.920686238843391,,S"
"1644,0,3,""Name1644, Mr. Surname1644"",male,10.0,1,2,STON/O 2. 3101293,31.53627137882555,,S"
"1645,0,3,""Name1645, Mr. Surname1645"",male,19.0,0,0,248747,7.545918686073482,B71,Q"
"1646,0,3,""Name1646, Miss. Surname1646"",female,25.0,0,0,2628,7.601633949868976,D7,S"
"1647,1,3,""Name1647, Mr. Surname1647"",male,,1,0,CA 2144,82.30665844180629,,C"
"1648,1,3,""Name1648, Master. Surname1648"",female,12.0,1,1,PC 17604,15.066083004795532,,S"
"1649,0,3,""Name1649, Mr. Surname1649"",male,,5,2,347742,52.49640512801216,,S"
"1650,1,1,""Name1650, Mr. Surname1650"",male,42.0,0,0,324669,245.6072468545127,,C"
"1651,1,1,""Name1651, Mr. Surname1651"",male,29.0,0,0,STON/O2. 3101271,53.46814862953991,,S"
"1652,0,3,""Name1652, Mr. Surname1652"",male,38.0,0,0,A/4. 34244,15.85457533555409,,S"
"1653,0,3,""Name1653, Mrs. Surname1653"",female,27.0,1,0,239856,15.046078532819688,C110,"
"1654,0,3,""Name1654, Mr. Surname1654"",male,31.0,0,0,19943,4.217178784898317,,S"
"1655,0,1,""Name1655, Mr. Surname1655"",male,32.0,1,0,19988,73.36422687127039,,S"
"1656,1,1,""Name1656, Mrs. Surname1656"",female,25.0,1,0,36967,72.79428440451571,,S"
"1657,1,3,""Name1657, Mr. Surname1657"",male,20.0,0,0,C.A. 17248,25.798587941819505,,S"
"1658,1,2,""Name1658, Miss. Surname1658"",female,49.0,0,0,PC 17596,8.361703809904492,C93,S"
"1659,1,3,""Name1659, Miss. Surname1659"",female,,1,0,367655,19.71532741074701,B51 B53 B55,Q"
"1660,1,2,""Name1660, Mr. Surname1660"",male,,1,1,STON/O2. 3101290,31.48069209463578,D47,S"
"1661,1,1,""Name1661, Miss. Surname1661"",female,24.0,1,0,SC/AH Basle 541,49.44438367411406,,C"
"1662,1,3,""Name1662, Mr. Surname1662"",male,17.0,1,1,113781,25.220472052765608,,S"
"1663,1,1,""Name1663, Mr. Surname1663"",male,26.0,1,0,2659,58.01804551515548,,C"
"1664,1,3,""Name1664, Mrs. Surname1664"",female,16.0,0,2,17474,15.859857677185932,,S"
"1665,1,3,""Name1665, Miss. Surname1665"",female,34.0,1,1,349225,0.0,,S"
"1666,0,3,""Name1666, Mr. Surname1666"",male,25.0,0,0,112058,6.177112411762918,B79,S"
"1667,0,3,""Name1667, Mr. Surname1667"",male,34.0,0,0,28213,8.397866080230365,,S"
"1668,0,1,""Name1668, Mr. Surname1668"",male,,0,0,347068,12.301355507564509,,C"
"1669,0,3,""Name1669, Master. Surname1669"",female,,4,2,349234,26.562770479086105,D48,S"
"1670,0,2,""Name1670, Mr. Surname1670"",male,,0,0,2647,31.638788813314424,,S"
"1671,0,3,""Name1671, Miss. Surname1671"",female,24.0,1,1,112052,11.796164125125951,,S"
"1672,1,3,""Name1672, Mr. Surname1672"",male,20.0,1,1,392091,30.985550552974995,,S"
"1673,1,3,""Name1673, Miss. Surname1673"",female,24.0,1,0,17463,23.759087525940224,,C"
"1674,0,2,""Name1674, Mr. Surname1674"",male,41.0,0,0,343120,8.154625666994985,,S"
"1675,0,3,""Name1675, Mr. Surname1675"",male,,0,0,19928,13.336702448221304,,C"
"1676,1,3,""Name1676, Mrs. Surname1676"",female,,0,0,347083,4.42648121203749,D7,C"
"1677,0,3,""Name1677, Mr. Surname1677"",male,,5,2,14313,58.87291645369597,,S"
"1678,0,1,""Name1678, Mr. Surname1678"",male,,1,1,350035,19.86684066228491,B22,C"
"1679,1,3,""Name1679, Mr. Surname1679"",male,22.0,0,0,244270,58.67061030703215,,S"
"1680,1,2,""Name1680, Miss. Surname1680"",female,,0,0,345765,23.73836770659603,,S"
"1681,0,3,""Name1681, Mr. Surname1681"",male,40.0,0,1,231945,20.12360601006583,,S"
"1682,0,2,""Name1682, Mr. Surname1682"",male,,0,0,349912,0.1896273780018455,F2,S"
"1683,0,2,""Name1683, Mr. Surname1683"",male,45.0,0,0,349257,0.0,,S"
"1684,0,1,""Name1684, Mr. Surname1684"",male,44.0,0,0,STON/O2. 3101271,40.650625400422,,S"
"1685,1,1,""Name1685, Miss. Surname1685"",female,35.0,1,0,244270,72.35412600265012,,C"
"1686,1,3,""Name1686, Mrs. Surname1686"",female,20.0,0,0,113784,12.577179428769316,,Q"
"1687,1,3,""Name1687, Miss. Surname1687"",female,34.0,1,0,230136,21.551274091600348,,S"
"1688,0,2,""Name1688, Mr. Surname1688"",male,,1,0,347078,61.16512816006093,,C"
"1689,0,3,""Name1689, Mr. Surname1689"",male,36.0,0,0,345763,4.50001346847913,,S"
"1690,0,3,""Name1690, Mr. Surname1690"",male,,0,0,3101295,4.984756652691332,G6,Q"
"1691,0,3,""Name1691, Mr. Surname1691"",male,15.0,0,0,PC 17572,17.221535908540993,,S"
"1692,0,3,""Name1692, Mrs. Surname1692"",female,29.0,3,2,SOTON/O.Q. 392078,31.379436073738464,,S"
"1693,0,3,""Name1693, Mr. Surname1693"",male,35.0,0,0,28425,16.162795745718185,,S"
"1694,0,1,""Name1694, Mr. Surname1694"",male,35.0,0,0,244310,76.0140730987277,,S"
"1695,0,3,""Name1695, Miss. Surname1695"",female,33.0,1,0,230080,18.962669869063017,,S"
"1696,0,2,""Name1696, Mr. Surname1696"",male,26.0,3,1,230136,34.983702840734104,E12,S"
"1697,0,2,""Name1697, Mr. Surname1697"",male,22.0,0,0,A/4 48871,16.087002750880096,F G73,S"
"1698,0,3,""Name1698, Mr. Surname1698"",male,,0,0,371110,6.032005019931678,,S"
"1699,0,3,""Name1699, Mr. Surname1699"",male,28.0,0,0,345774,8.51596103193037,,S"
"1700,0,3,""Name1700, Mr. Surname1700"",male,,0,0,C.A. 24579,6.779106337477786,,Q"
"1701,0,2,""Name1701, Mr. Surname1701"",male,29.0,0,0,SC/Paris 2123,5.981153505091855,,S"
"1702,1,2,""Name1702, Miss. Surname1702"",female,,0,0,392092,24.247209127307837,C45,S"
"1703,0,2,""Name1703, Mr. Surname1703"",male,20.0,1,0,330935,56.94134494146447,,S"
"1704,0,2,""Name1704, Mr. Surname1704"",male,,0,0,349212,10.249959361293326,,C"
"1705,0,3,""Name1705, Mr. Surname1705"",male,33.0,0,0,29104,14.078133614086743,,S"
"1706,0,3,""Name1706, Mr. Surname1706"",male,28.0,0,0,347082,9.560371589056931,,S"
"1707,0,3,""Name1707, Mr. Surname1707"",male,26.0,0,0,110413,10.148379006497004,,Q"
"1708,0,3,""Name1708, Mr. Surname1708"",male,35.0,0,0,A/5 3536,8.185565648538981,,Q"
"1709,0,3,""Name1709, Mr. Surname1709"",male,31.0,1,0,36928,15.420326507230342,,Q"
"1710,1,2,""Name1710, Mr. Surname1710"",male,31.0,0,0,345778,21.04236720600291,,S"
"1711,1,2,""Name1711, Miss. Surname1711"",female,33.0,1,1,364850,30.77326709705352,C148,S"
"1712,0,3,""Name1712, Mr. Surname1712"",male,18.0,1,0,36866,23.96017805003532,,S"
"1713,0,3,""Name1713, Mr. Surname1713"",male,22.0,0,0,C.A. 2315,13.462308962524432,B19,S"
"1714,1,3,""Name1714, Master. Surname1714"",female,10.0,3,2,SC/AH 3085,16.146682937180344,B42,S"
"1715,1,3,""Name1715, Mr. Surname1715"",male,14.0,1,1,17453,13.641685658995051,,C"
"1716,1,1,""Name1716, Mr. Surname1716"",male,41.0,0,0,STON/O 2. 3101292,140.58497230695792,,C"
"1717,0,1,""Name1717, Mrs. Surname1717"",female,44.0,3,2,17764,251.4105546616556,,S"
"1718,1,1,""Name1718, Miss. Surname1718"",female,23.0,0,0,A.5. 18509,0.0,C148,C"
"1719,0,3,""Name1719, Mr. Surname1719"",male,,0,0,234686,0.0,,S"
"1720,0,2,""Name1720, Mr. Surname1720"",male,52.0,0,0,368703,21.19010438220189,,S"
"1721,0,3,""Name1721, Miss. Surname1721"",female,,1,0,21440,16.762194196626286,E101,S"
"1722,1,1,""Name1722, Miss. Surname1722"",female,29.0,1,0,2686,45.49515878278852,,S"
"1723,0,1,""Name1723, Mr. Surname1723"",male,37.0,0,1,29011,56.00054490154581,,S"
"1724,0,3,""Name1724, Mr. Surname1724"",male,,0,0,7545,5.056282507810349,,S"
"1725,0,3,""Name1725, Mr. Surname1725"",male,31.0,0,0,349203,2.620193432308344,,S"
"1726,1,3,""Name1726, Miss. Surname1726"",female,32.0,0,0,8475,7.664885085057671,,Q"
"1727,1,2,""Name1727, Miss. Surname1727"",female,,0,0,250649,15.737602196927597,,S"
"1728,1,2,""Name1728, Master. Surname1728"",female,0.0,1,1,323592,26.11116226629589,,S"
"1729,0,3,""Name1729, Mr. Surname1729"",male,36.0,0,0,4136,3.763583667990449,,S"
"1730,0,2,""Name1730, Mr. Surname1730"",male,54.0,0,0,26360,5.00080479848094,C68,S"
"1731,0,3,""Name1731, Mr. Surname1731"",male,33.0,0,0,350060,13.455731153405807,,C"
"1732,1,1,""Name1732, Mrs. Surname1732"",female,32.0,0,0,1601,141.47462897051145,,C"
"1733,1,2,""Name1733, Mrs. Surname1733"",female,15.0,1,3,347076,26.006128568817275,,S"
"1734,0,3,""Name1734, Mr. Surname1734"",male,6.0,1,1,370129,14.16773244443722,,S"
"1735,0,3,""Name1735, Mr. Surname1735"",male,,1,0,29104,15.890797402856132,C23 C25 C27,S"
"1736,1,2,""Name1736, Mrs. Surname1736"",female,22.0,1,2,9234,43.811190500897474,,S"
"1737,0,3,""Name1737, Mr. Surname1737"",male,38.0,0,0,C.A. 31921,12.887481007220485,,S"
"1738,1,2,""Name1738, Mrs. Surname1738"",female,43.0,0,0,11767,16.54242413329024,,S"
"1739,1,1,""Name1739, Mrs. Surname1739"",female,43.0,1,1,347082,126.1444377982338,,S"
"1740,0,3,""Name1740, Dr. Surname1740"",male,26.0,0,0,231945,5.67650792722,,Q"
"1741,0,3,""Name1741, Mr. Surname1741"",male,37.0,1,1,347067,33.42023659156995,E58,S"
"1742,0,3,""Name1742, Mr. Surname1742"",male,,0,0,28551,15.937624588486225,,S"
"1743,1,3,""Name1743, Master. Surname1743"",male,0.0,1,1,2668,0.2565690027707608,A23,S"
"1744,1,3,""Name1744, Mrs. Surname1744"",female,44.0,0,0,28425,5.427347978090652,,S"
"1745,0,2,""Name1745, Mr. Surname1745"",male,24.0,0,0,A/5 3902,14.534765411519206,,S"
"1746,1,1,""Name1746, Mrs. Surname1746"",female,,0,0,113505,258.0084342176987,,C"
"1747,0,1,""Name1747, Mr. Surname1747"",male,44.0,0,0,362316,55.96997565056508,C106,S"
"1748,1,1,""Name1748, Mr. Surname1748"",male,33.0,0,0,350034,32.924070214970584,A14,S"
"1749,1,1,""Name1749, Mr. Surname1749"",male,21.0,0,0,237442,65.34214713927118,,C"
"1750,0,3,""Name1750, Mr. Surname1750"",male,21.0,0,0,345774,15.02616538231699,,S"
"1751,1,2,""Name1751, Miss. Surname1751"",female,,0,0,330935,17.153513053542312,,S"
"1752,1,3,""Name1752, Mr. Surname1752"",male,,0,0,349237,0.0,,S"
"1753,1,3,""Name1753, Miss. Surname1753"",female,30.0,1,0,C.A. 33112,19.100568229482494,,Q"
"1754,1,1,""Name1754, Mrs. Surname1754"",female,36.0,1,1,C.A. 2315,124.04807038525288,,C"
"1755,0,3,""Name1755, Mr. Surname1755"",male,7.0,8,2,S.O.C. 14879,82.80016476140214,,S"
"1756,0,3,""Name1756, Rev. Surname1756"",male,35.0,0,0,PC 17569,15.318187875863554,,S"
"1757,1,3,""Name1757, Master. Surname1757"",female,,0,0,2648,10.788160370183832,,S"
"1758,1,3,""Name1758, Mr. Surname1758"",male,,0,0,C.A. 33111,31.791122302416543,,S"
"1759,0,1,""Name1759, Mr. Surname1759"",male,52.0,0,0,113760,20.981983783275496,,S"
"1760,1,2,""Name1760, Miss. Surname1760"",female,33.0,0,0,35281,9.159147163436456,G6,S"
"1761,0,1,""Name1761, Mr. Surname1761"",male,,0,0,347080,48.850913641953895,,S"
"1762,0,3,""Name1762, Mr. Surname1762"",male,44.0,0,0,113776,7.0089827190549325,,C"
"1763,0,1,""Name1763, Mr. Surname1763"",male,31.0,0,1,A/4 48871,147.7914963081265,,S"
"1764,1,3,""Name1764, Mr. Surname1764"",male,,1,1,347742,1.359437085922562,,C"
"1765,0,3,""Name1765, Mr. Surname1765"",male,30.0,0,0,PC 17757,13.945019785447748,C92,S"
"1766,0,3,""Name1766, Mr. Surname1766"",male,20.0,1,0,PC 17609,18.71121136284632,,S"
"1767,0,3,""Name1767, Mr. Surname1767"",male,24.0,0,0,392091,13.780118394930357,T,S"
"1768,1,3,""Name1768, Miss. Surname1768"",female,40.0,1,5,363291,28.0155550601539,,S"
"1769,1,3,""Name1769, Mrs. Surname1769"",female,20.0,0,0,4136,4.456098680922622,,S"
"1770,1,2,""Name1770, Ms. Surname1770"",female,22.0,0,0,A/5 3536,5.398256362797872,,S"
"1771,0,3,""Name1771, Mr. Surname1771"",male,41.0,0,0,4133,7.806965602317407,,C"
"1772,0,3,""Name1772, Don. Surname1772"",male,15.0,0,0,112053,5.036115733943886,,S"
"1773,0,1,""Name1773, Mr. Surname1773"",male,61.0,1,1,1601,118.34913195906324,,S"
"1774,1,3,""Name1774, Miss. Surname1774"",female,24.0,1,0,376564,12.363598290540107,,C"
"1775,0,3,""Name1775, Miss. Surname1775"",female,29.0,1,6,36865,32.91031437903763,,C"
"1776,1,3,""Name1776, Mr. Surname1776"",male,25.0,0,0,W./C. 6609,53.18607331855819,,S"
"1777,0,1,""Name1777, Mr. Surname1777"",male,27.0,0,0,PC 17757,64.77623146341737,,S"
"1778,0,3,""Name1778, Mr. Surname1778"",male,,0,0,113806,10.036057665615012,,S"
"1779,0,3,""Name1779, Mr. Surname1779"",male,32.0,0,0,21440,5.942339898234459,E24,S"
"1780,0,3,""Name1780, Mr. Surname1780"",male,,0,0,PC 17569,13.613085203793862,,S"
"1781,1,2,""Name1781, Mrs. Surname1781"",female,21.0,1,1,349218,43.41140013497934,,S"
"1782,1,3,""Name1782, Mr. Surname1782"",male,27.0,1,0,C.A. 24579,47.09669611253244,C148,S"
"1783,1,1,""Name1783, Mr. Surname1783"",male,47.0,1,0,A/5 3902,65.68248352284674,C23 C25 C27,S"
"1784,0,2,""Name1784, Mr. Surname1784"",male,,1,0,19943,34.933013815072755,,S"
"1785,0,1,""Name1785, Mr. Surname1785"",male,,0,0,A/5. 851,0.0,,C"
"1786,1,3,""Name1786, Mr. Surname1786"",male,31.0,0,0,12460,13.868992107709794,D28,Q"
"1787,0,3,""Name1787, Mr. Surname1787"",male,40.0,0,0,28228,12.147744186753965,B73,Q"
"1788,0,2,""Name1788, Mr. Surname1788"",male,35.0,0,0,347077,0.0,,S"
"1789,1,1,""Name1789, Miss. Surname1789"",female,39.0,0,0,54636,161.8561158787389,A19,C"
"1790,0,3,""Name1790, Mr. Surname1790"",male,38.0,0,0,12233,6.688624057780867,A6,S"
"1791,0,3,""Name1791, Mr. Surname1791"",male,10.0,0,0,113572,6.573084145242933,,S"
"1792,1,2,""Name1792, Miss. Surname1792"",female,44.0,0,0,347054,19.651788291699432,,S"
"1793,1,2,""Name1793, Mrs. Surname1793"",female,18.0,1,0,347082,25.518206879229385,,C"
"1794,0,3,""Name1794, Mr. Surname1794"",male,27.0,1,1,239853,23.214269455996693,B79,S"
"1795,1,3,""Name1795, Mr. Surname1795"",male,38.0,0,0,349239,6.345239610524824,,S"
"1796,0,3,""Name1796, Mr. Surname1796"",male,19.0,0,0,347468,18.579430521912997,,S"
"1797,1,1,""Name1797, Miss. Surname1797"",female,,2,2,PC 17758,146.92818042965786,,"
"1798,0,3,""Name1798, Mr. Surname1798"",male,5.0,4,1,LINE,40.95560673580198,C123,S"
"1799,0,3,""Name1799, Mrs. Surname1799"",female,,0,0,28206,4.625365271913923,,S"
"1800,1,1,""Name1800, Miss. Surname1800"",female,54.0,0,0,35273,56.49123485437769,,S"
"1801,0,3,""Name1801, Mr. Surname1801"",male,42.0,0,0,347082,15.047356852925768,,S"
"1802,0,2,""Name1802, Mr. Surname1802"",male,15.0,0,0,SC/PARIS 2146,32.470275425150604,,S"
"1803,1,3,""Name1803, Miss. Surname1803"",female,29.0,0,0,W./C. 6608,3.4491564439782936,,Q"
"1804,0,3,""Name1804, Mr. Surname1804"",male,25.0,0,0,2653,16.621606556852985,,S"
"1805,0,3,""Name1805, Mr. Surname1805"",male,33.0,0,0,13502,5.017992173599932,,S"
"1806,0,3,""Name1806, Mr. Surname1806"",male,28.0,0,0,350036,7.936645694870013,,C"
"1807,1,2,""Name1807, Miss. Surname1807"",female,33.0,0,1,26707,22.77004507899593,,S"
"1808,0,2,""Name1808, Mr. Surname1808"",male,38.0,0,0,368703,0.0,,S"
"1809,0,2,""Name1809, Mr. Surname1809"",male,42.0,0,0,364850,11.820714269709184,,S"
"1810,0,3,""Name1810, Mr. Surname1810"",male,31.0,8,2,PC 17485,55.345726351286345,C126,S"
"1811,0,3,""Name1811, Mr. Surname1811"",male,24.0,0,0,PC 17760,11.642349693201147,,C"
"1812,1,3,""Name1812, Miss. Surname1812"",female,27.0,1,0,F.C. 12750,14.692102327560788,,S"
"1813,0,2,""Name1813, Mr. Surname1813"",male,31.0,1,0,315084,13.47547304063148,B49,S"
"1814,1,1,""Name1814, Mrs. Surname1814"",female,19.0,1,2,17421,121.96671809635798,,S"
"1815,1,2,""Name1815, Miss. Surname1815"",female,28.0,0,0,113050,16.558706040501757,,S"
"1816,0,3,""Name1816, Mr. Surname1816"",male,32.0,0,1,A/4 48871,12.727778459851796,,S"
"1817,1,1,""Name1817, Mr. Surname1817"",male,,0,0,C.A. 2673,20.788326145046508,,S"
"1818,0,1,""Name1818, Mr. Surname1818"",male,35.0,0,0,349256,0.0,,S"
"1819,1,3,""Name1819, Mrs. Surname1819"",female,28.0,1,1,31028,68.31496462562788,,S"
"1820,0,3,""Name1820, Mr. Surname1820"",male,33.0,8,2,248747,41.50088307854219,,S"
"1821,0,3,""Name1821, Mr. Surname1821"",male,15.0,0,0,349237,2.9856931932504645,,S"
"1822,0,3,""Name1822, Mr. Surname1822"",male,43.0,0,0,244373,2.091041148456781,,S"
"1823,0,2,""Name1823, Mr. Surname1823"",male,,0,0,230433,12.655303912931233,,S"
"1824,1,3,""Name1824, Miss. Surname1824"",female,17.0,1,0,386525,10.921741060937045,,C"
"1825,0,2,""Name1825, Miss. Surname1825"",female,30.0,2,0,2674,21.468340848150945,,S"
"1826,0,3,""Name1826, Mr. Surname1826"",male,30.0,0,0,371060,18.495243574759886,,S"
"1827,0,1,""Name1827, Mr. Surname1827"",male,39.0,0,0,371110,137.22050103439818,,C"
"1828,0,3,""Name1828, Mr. Surname1828"",male,33.0,1,0,248738,15.7514511901192,,S"
"1829,1,3,""Name1829, Mr. Surname1829"",male,36.0,0,0,250655,0.0,,S"
"1830,0,3,""Name1830, Mr. Surname1830"",male,20.0,0,0,233866,9.575316483393497,,C"
"1831,0,3,""Name1831, Mr. Surname1831"",male,22.0,0,0,347077,8.58139313800361,,C"
